SampleID,BarcodeSequence,LinkerPrimerSequence,Brand,Group,Season,Quality
5227-LW-0055,GCGTTTG,341F:CCTACGGGNGGCWGCAG   785R:GACTACHVGGGTATCTAATCC,B,Ctrl,Late,GQ
5227-LW-0056,GGCTCAT,341F:CCTACGGGNGGCWGCAG   785R:GACTACHVGGGTATCTAATCC,B,Cont,Late,GQ
5227-LW-0057,CGGATTC,341F:CCTACGGGNGGCWGCAG   785R:GACTACHVGGGTATCTAATCC,B,Cont,Late,GQ
5227-LW-0061,AACGCAG,341F:CCTACGGGNGGCWGCAG   785R:GACTACHVGGGTATCTAATCC,A,Ctrl,Late,GQ
5227-LW-0062,CCTAAGC,341F:CCTACGGGNGGCWGCAG   785R:GACTACHVGGGTATCTAATCC,A,Cont,Late,GQ
5227-LW-0063,CTACCCT,341F:CCTACGGGNGGCWGCAG   785R:GACTACHVGGGTATCTAATCC,A,Cont,Late,GQ
5227-LW-0067,TACTCCC,341F:CCTACGGGNGGCWGCAG   785R:GACTACHVGGGTATCTAATCC,C,Ctrl,Late,GQ
5227-LW-0068,CCCAAGT,341F:CCTACGGGNGGCWGCAG   785R:GACTACHVGGGTATCTAATCC,C,Cont,Late,GQ
5227-LW-0069,CAAACCC,341F:CCTACGGGNGGCWGCAG   785R:GACTACHVGGGTATCTAATCC,C,Cont,Late,GQ
5227-LW-0073,ACCACTG,341F:CCTACGGGNGGCWGCAG   785R:GACTACHVGGGTATCTAATCC,B,Ctrl,Late,GQ
5227-LW-0074,GCAAGAC,341F:CCTACGGGNGGCWGCAG   785R:GACTACHVGGGTATCTAATCC,B,Cont,Late,GQ
5227-LW-0075,GTATACA,341F:CCTACGGGNGGCWGCAG   785R:GACTACHVGGGTATCTAATCC,B,Cont,Late,GQ
5227-LW-0079,GTGAAGC,341F:CCTACGGGNGGCWGCAG   785R:GACTACHVGGGTATCTAATCC,A,Ctrl,Late,GQ
5227-LW-0080,CAGTAGG,341F:CCTACGGGNGGCWGCAG   785R:GACTACHVGGGTATCTAATCC,A,Cont,Late,GQ
5227-LW-0081,TCGTGGT,341F:CCTACGGGNGGCWGCAG   785R:GACTACHVGGGTATCTAATCC,A,Cont,Late,GQ
5227-LW-0085,CACCTGA,341F:CCTACGGGNGGCWGCAG   785R:GACTACHVGGGTATCTAATCC,C,Ctrl,Late,GQ
5227-LW-0086,ATGGACG,341F:CCTACGGGNGGCWGCAG   785R:GACTACHVGGGTATCTAATCC,C,Cont,Late,GQ
5227-LW-0087,TCTCGAG,341F:CCTACGGGNGGCWGCAG   785R:GACTACHVGGGTATCTAATCC,C,Cont,Late,GQ
5227-LW-0091,TGGGAGT,341F:CCTACGGGNGGCWGCAG   785R:GACTACHVGGGTATCTAATCC,B,Ctrl,Late,GQ
5227-LW-0092,ACGGGTA,341F:CCTACGGGNGGCWGCAG   785R:GACTACHVGGGTATCTAATCC,B,Cont,Late,GQ
5227-LW-0093,GCATGCT,341F:CCTACGGGNGGCWGCAG   785R:GACTACHVGGGTATCTAATCC,B,Cont,Late,GQ
5227-LW-0097,GAGCTAG,341F:CCTACGGGNGGCWGCAG   785R:GACTACHVGGGTATCTAATCC,A,Ctrl,Late,GQ
5227-LW-0098,ACCAACC,341F:CCTACGGGNGGCWGCAG   785R:GACTACHVGGGTATCTAATCC,A,Cont,Late,GQ
5227-LW-0099,CGAACTC,341F:CCTACGGGNGGCWGCAG   785R:GACTACHVGGGTATCTAATCC,A,Cont,Late,GQ
5227-LW-0103,TCCCTGT,341F:CCTACGGGNGGCWGCAG   785R:GACTACHVGGGTATCTAATCC,C,Ctrl,Late,GQ
5227-LW-0104,AGCGGAT,341F:CCTACGGGNGGCWGCAG   785R:GACTACHVGGGTATCTAATCC,C,Cont,Late,GQ
5227-LW-0105,GTCGAAG,341F:CCTACGGGNGGCWGCAG   785R:GACTACHVGGGTATCTAATCC,C,Cont,Late,GQ
5527-LW-0109,TCCCTGT,341F:CCTACGGGNGGCWGCAG   785R:GACTACHVGGGTATCTAATCC,B,Ctrl,Early,GQ
5527-LW-0110,AGCGGAT,341F:CCTACGGGNGGCWGCAG   785R:GACTACHVGGGTATCTAATCC,B,Cont,Early,GQ
5527-LW-0111,GTCGAAG,341F:CCTACGGGNGGCWGCAG   785R:GACTACHVGGGTATCTAATCC,B,Cont,Early,GQ
5527-LW-0115,AGGTCCT,341F:CCTACGGGNGGCWGCAG   785R:GACTACHVGGGTATCTAATCC,A,Ctrl,Early,GQ
5527-LW-0116,CAATGGG,341F:CCTACGGGNGGCWGCAG   785R:GACTACHVGGGTATCTAATCC,A,Cont,Early,GQ
5527-LW-0117,CTGGTAC,341F:CCTACGGGNGGCWGCAG   785R:GACTACHVGGGTATCTAATCC,A,Cont,Early,GQ
5527-LW-0121,TACTCCC,341F:CCTACGGGNGGCWGCAG   785R:GACTACHVGGGTATCTAATCC,C,Ctrl,Early,GQ
5527-LW-0122,CCCAAGT,341F:CCTACGGGNGGCWGCAG   785R:GACTACHVGGGTATCTAATCC,C,Cont,Early,GQ
5527-LW-0123,CAAACCC,341F:CCTACGGGNGGCWGCAG   785R:GACTACHVGGGTATCTAATCC,C,Cont,Early,GQ
5527-LW-0127,GGCTAGA,341F:CCTACGGGNGGCWGCAG   785R:GACTACHVGGGTATCTAATCC,B,Ctrl,Early,GQ
5527-LW-0128,GAAGGTC,341F:CCTACGGGNGGCWGCAG   785R:GACTACHVGGGTATCTAATCC,B,Cont,Early,GQ
5527-LW-0129,TTTGCCC,341F:CCTACGGGNGGCWGCAG   785R:GACTACHVGGGTATCTAATCC,B,Cont,Early,GQ
5527-LW-0133,CGGTTGT,341F:CCTACGGGNGGCWGCAG   785R:GACTACHVGGGTATCTAATCC,A,Ctrl,Early,GQ
5527-LW-0134,CCGGAAA,341F:CCTACGGGNGGCWGCAG   785R:GACTACHVGGGTATCTAATCC,A,Cont,Early,GQ
5527-LW-0135,CCTACAG,341F:CCTACGGGNGGCWGCAG   785R:GACTACHVGGGTATCTAATCC,A,Cont,Early,GQ
5527-LW-0139,GTGAGGT,341F:CCTACGGGNGGCWGCAG   785R:GACTACHVGGGTATCTAATCC,C,Ctrl,Early,GQ
5527-LW-0140,TGGCATC,341F:CCTACGGGNGGCWGCAG   785R:GACTACHVGGGTATCTAATCC,C,Cont,Early,GQ
5527-LW-0141,AGAAGGG,341F:CCTACGGGNGGCWGCAG   785R:GACTACHVGGGTATCTAATCC,C,Cont,Early,GQ
5527-LW-0145,TGCTGCA,341F:CCTACGGGNGGCWGCAG   785R:GACTACHVGGGTATCTAATCC,B,Ctrl,Early,GQ
5527-LW-0146,CAGACCT,341F:CCTACGGGNGGCWGCAG   785R:GACTACHVGGGTATCTAATCC,B,Cont,Early,GQ
5527-LW-0147,AGCGAAC,341F:CCTACGGGNGGCWGCAG   785R:GACTACHVGGGTATCTAATCC,B,Cont,Early,GQ
5527-LW-0151,CGTCCAA,341F:CCTACGGGNGGCWGCAG   785R:GACTACHVGGGTATCTAATCC,A,Ctrl,Early,GQ
5527-LW-0152,GATAGCG,341F:CCTACGGGNGGCWGCAG   785R:GACTACHVGGGTATCTAATCC,A,Cont,Early,GQ
5527-LW-0153,GATTCGC,341F:CCTACGGGNGGCWGCAG   785R:GACTACHVGGGTATCTAATCC,A,Cont,Early,GQ
5527-LW-0157,AACGCAG,341F:CCTACGGGNGGCWGCAG   785R:GACTACHVGGGTATCTAATCC,C,Ctrl,Early,GQ
5527-LW-0158,CCTAAGC,341F:CCTACGGGNGGCWGCAG   785R:GACTACHVGGGTATCTAATCC,C,Cont,Early,GQ
5527-LW-0159,CTACCCT,341F:CCTACGGGNGGCWGCAG   785R:GACTACHVGGGTATCTAATCC,C,Cont,Early,GQ
5227-LW-0058,TAACGCC,341F:CCTACGGGNGGCWGCAG   785R:GACTACHVGGGTATCTAATCC,B,Ctrl,Late,DQ
5227-LW-0059,TTGAGCC,341F:CCTACGGGNGGCWGCAG   785R:GACTACHVGGGTATCTAATCC,B,Cont,Late,DQ
5227-LW-0060,AGCGTGA,341F:CCTACGGGNGGCWGCAG   785R:GACTACHVGGGTATCTAATCC,B,Cont,Late,DQ
5227-LW-0064,GCTCGTA,341F:CCTACGGGNGGCWGCAG   785R:GACTACHVGGGTATCTAATCC,A,Cont,Late,DQ
5227-LW-0065,ACGCAGA,341F:CCTACGGGNGGCWGCAG   785R:GACTACHVGGGTATCTAATCC,A,Cont,Late,DQ
5227-LW-0066,CGGTAAG,341F:CCTACGGGNGGCWGCAG   785R:GACTACHVGGGTATCTAATCC,A,Ctrl,Late,DQ
5227-LW-0070,GGACTGA,341F:CCTACGGGNGGCWGCAG   785R:GACTACHVGGGTATCTAATCC,C,Ctrl,Late,DQ
5227-LW-0071,ACCTCGA,341F:CCTACGGGNGGCWGCAG   785R:GACTACHVGGGTATCTAATCC,C,Cont,Late,DQ
5227-LW-0072,CGCGATT,341F:CCTACGGGNGGCWGCAG   785R:GACTACHVGGGTATCTAATCC,C,Cont,Late,DQ
5227-LW-0076,AGATCCC,341F:CCTACGGGNGGCWGCAG   785R:GACTACHVGGGTATCTAATCC,B,Ctrl,Late,DQ
5227-LW-0077,GCCGTAT,341F:CCTACGGGNGGCWGCAG   785R:GACTACHVGGGTATCTAATCC,B,Cont,Late,DQ
5227-LW-0078,CATCCGA,341F:CCTACGGGNGGCWGCAG   785R:GACTACHVGGGTATCTAATCC,B,Cont,Late,DQ
5227-LW-0082,TAGCACC,341F:CCTACGGGNGGCWGCAG   785R:GACTACHVGGGTATCTAATCC,A,Ctrl,Late,DQ
5227-LW-0083,AGCCTTG,341F:CCTACGGGNGGCWGCAG   785R:GACTACHVGGGTATCTAATCC,A,Cont,Late,DQ
5227-LW-0084,TTCGCCT,341F:CCTACGGGNGGCWGCAG   785R:GACTACHVGGGTATCTAATCC,A,Cont,Late,DQ
5227-LW-0088,CACGACT,341F:CCTACGGGNGGCWGCAG   785R:GACTACHVGGGTATCTAATCC,C,Ctrl,Late,DQ
5227-LW-0089,TCTGCTC,341F:CCTACGGGNGGCWGCAG   785R:GACTACHVGGGTATCTAATCC,C,Cont,Late,DQ
5227-LW-0090,GGCATCT,341F:CCTACGGGNGGCWGCAG   785R:GACTACHVGGGTATCTAATCC,C,Cont,Late,DQ
5227-LW-0094,TAGGCGA,341F:CCTACGGGNGGCWGCAG   785R:GACTACHVGGGTATCTAATCC,B,Ctrl,Late,DQ
5227-LW-0095,CTCACGA,341F:CCTACGGGNGGCWGCAG   785R:GACTACHVGGGTATCTAATCC,B,Cont,Late,DQ
5227-LW-0096,GTCGGAA,341F:CCTACGGGNGGCWGCAG   785R:GACTACHVGGGTATCTAATCC,B,Cont,Late,DQ
5227-LW-0100,CTTACGG,341F:CCTACGGGNGGCWGCAG   785R:GACTACHVGGGTATCTAATCC,A,Ctrl,Late,DQ
5227-LW-0101,CGTCAGT,341F:CCTACGGGNGGCWGCAG   785R:GACTACHVGGGTATCTAATCC,A,Cont,Late,DQ
5227-LW-0102,GTGTTCG,341F:CCTACGGGNGGCWGCAG   785R:GACTACHVGGGTATCTAATCC,A,Cont,Late,DQ
5227-LW-0106,GCAACGA,341F:CCTACGGGNGGCWGCAG   785R:GACTACHVGGGTATCTAATCC,C,Ctrl,Late,DQ
5227-LW-0107,GTCCTTC,341F:CCTACGGGNGGCWGCAG   785R:GACTACHVGGGTATCTAATCC,C,Cont,Late,DQ
5227-LW-0108,GGTAGTG,341F:CCTACGGGNGGCWGCAG   785R:GACTACHVGGGTATCTAATCC,C,Cont,Late,DQ
5527-LW-0112,GCAACGA,341F:CCTACGGGNGGCWGCAG   785R:GACTACHVGGGTATCTAATCC,B,Ctrl,Early,DQ
5527-LW-0113,GTCCTTC,341F:CCTACGGGNGGCWGCAG   785R:GACTACHVGGGTATCTAATCC,B,Cont,Early,DQ
5527-LW-0114,GGTAGTG,341F:CCTACGGGNGGCWGCAG   785R:GACTACHVGGGTATCTAATCC,B,Cont,Early,DQ
5527-LW-0118,GCTCATG,341F:CCTACGGGNGGCWGCAG   785R:GACTACHVGGGTATCTAATCC,A,Ctrl,Early,DQ
5527-LW-0119,TGACTCG,341F:CCTACGGGNGGCWGCAG   785R:GACTACHVGGGTATCTAATCC,A,Cont,Early,DQ
5527-LW-0120,CAGTGGA,341F:CCTACGGGNGGCWGCAG   785R:GACTACHVGGGTATCTAATCC,A,Cont,Early,DQ
5527-LW-0124,GGACTGA,341F:CCTACGGGNGGCWGCAG   785R:GACTACHVGGGTATCTAATCC,C,Ctrl,Early,DQ
5527-LW-0125,ACCTCGA,341F:CCTACGGGNGGCWGCAG   785R:GACTACHVGGGTATCTAATCC,C,Cont,Early,DQ
5527-LW-0126,CGCGATT,341F:CCTACGGGNGGCWGCAG   785R:GACTACHVGGGTATCTAATCC,C,Cont,Early,DQ
5527-LW-0130,GCGAAAC,341F:CCTACGGGNGGCWGCAG   785R:GACTACHVGGGTATCTAATCC,B,Ctrl,Early,DQ
5527-LW-0131,CGATTGC,341F:CCTACGGGNGGCWGCAG   785R:GACTACHVGGGTATCTAATCC,B,Cont,Early,DQ
5527-LW-0132,AATGGGC,341F:CCTACGGGNGGCWGCAG   785R:GACTACHVGGGTATCTAATCC,B,Cont,Early,DQ
5527-LW-0136,GTCCCTT,341F:CCTACGGGNGGCWGCAG   785R:GACTACHVGGGTATCTAATCC,A,Ctrl,Early,DQ
5527-LW-0137,TCGATCG,341F:CCTACGGGNGGCWGCAG   785R:GACTACHVGGGTATCTAATCC,A,Cont,Early,DQ
5527-LW-0138,AGCCCTA,341F:CCTACGGGNGGCWGCAG   785R:GACTACHVGGGTATCTAATCC,A,Cont,Early,DQ
5527-LW-0142,CCAGGAA,341F:CCTACGGGNGGCWGCAG   785R:GACTACHVGGGTATCTAATCC,C,Ctrl,Early,DQ
5527-LW-0143,GTGTCCA,341F:CCTACGGGNGGCWGCAG   785R:GACTACHVGGGTATCTAATCC,C,Cont,Early,DQ
5527-LW-0144,CCCTTCA,341F:CCTACGGGNGGCWGCAG   785R:GACTACHVGGGTATCTAATCC,C,Cont,Early,DQ
5527-LW-0148,GAACGGT,341F:CCTACGGGNGGCWGCAG   785R:GACTACHVGGGTATCTAATCC,B,Ctrl,Early,DQ
5527-LW-0149,GGAGCTA,341F:CCTACGGGNGGCWGCAG   785R:GACTACHVGGGTATCTAATCC,B,Cont,Early,DQ
5527-LW-0150,TGCAGAG,341F:CCTACGGGNGGCWGCAG   785R:GACTACHVGGGTATCTAATCC,B,Cont,Early,DQ
5527-LW-0154,CCTTGTC,341F:CCTACGGGNGGCWGCAG   785R:GACTACHVGGGTATCTAATCC,A,Ctrl,Early,DQ
5527-LW-0155,GCGTACT,341F:CCTACGGGNGGCWGCAG   785R:GACTACHVGGGTATCTAATCC,A,Cont,Early,DQ
5527-LW-0156,CTACTCC,341F:CCTACGGGNGGCWGCAG   785R:GACTACHVGGGTATCTAATCC,A,Cont,Early,DQ
5527-LW-0160,GCTCGTA,341F:CCTACGGGNGGCWGCAG   785R:GACTACHVGGGTATCTAATCC,C,Ctrl,Early,DQ
5527-LW-0161,ACGCAGA,341F:CCTACGGGNGGCWGCAG   785R:GACTACHVGGGTATCTAATCC,C,Cont,Early,DQ
5527-LW-0162,CGGTAAG,341F:CCTACGGGNGGCWGCAG   785R:GACTACHVGGGTATCTAATCC,C,Cont,Early,DQ
,,,,,,
,,,,,,
,,,,,,
Ctrl: non-contaminated samples,,,,,,
Cont: contaminated samples ,,,,,,
GQ: good quality,,,,,,
DQ: decreasing quality,,,,,,
